,Index,Text,Dates
0,3,Do not sell or share,"['2023-03-08', '2023-03-21']"
1,5,Do not sell,"['2023-03-08', '2023-03-21']"
2,9,Do not sell,"['2023-03-08', '2023-03-21']"
3,10,No,"['2023-03-08', '2023-03-21']"
4,14,No,"['2023-03-08', '2023-03-21']"
5,17,Do not sell,"['2023-03-08', '2023-03-21']"
6,18,Do not sell,"['2023-03-08', '2023-03-21']"
7,19,Do not sell,"['2023-03-08', '2023-03-21']"
8,20,No,"['2023-03-08', '2023-03-21']"
9,21,Do not sell or share,"['2023-03-08', '2023-03-21']"
10,23,No,"['2023-03-08', '2023-03-21']"
11,25,No,"['2023-03-08', '2023-03-21']"
12,27,No,"['2023-03-08', '2023-03-21']"
13,28,No,"['2023-03-08', '2023-03-21']"
14,29,No,"['2023-03-08', '2023-03-21']"
15,30,No,"['2023-03-08', '2023-03-21']"
16,31,Do not sell,"['2023-03-08', '2023-03-21']"
17,33,No,"['2023-03-08', '2023-03-21']"
18,36,No,"['2023-03-08', '2023-03-21']"
19,37,No,"['2023-03-08', '2023-03-21']"
20,43,Do not sell,"['2023-03-08', '2023-03-21']"
21,46,No,"['2023-03-08', '2023-03-21']"
22,48,No,"['2023-03-08', '2023-03-21']"
23,49,No,"['2023-03-08', '2023-03-21']"
24,51,No,"['2023-03-08', '2023-03-21']"
25,52,Do not sell,"['2023-03-08', '2023-03-21']"
26,53,Do not sell,"['2023-03-08', '2023-03-21']"
27,54,Do not sell,"['2023-03-08', '2023-03-21']"
28,55,No,"['2023-03-08', '2023-03-21']"
29,57,No,"['2023-03-08', '2023-03-21']"
30,58,No,"['2023-03-08', '2023-03-21']"
31,59,No,"['2023-03-08', '2023-03-21']"
32,60,No,"['2023-03-08', '2023-03-21']"
33,62,Do not sell,"['2023-03-08', '2023-03-21']"
34,63,No,"['2023-03-08', '2023-03-21']"
35,68,No,"['2023-03-08', '2023-03-21']"
36,69,Do not sell,"['2023-03-08', '2023-03-21']"
37,70,No,"['2023-03-08', '2023-03-21']"
38,71,No,"['2023-03-08', '2023-03-21']"
39,72,No,"['2023-03-08', '2023-03-21']"
40,73,No,"['2023-03-08', '2023-03-21']"
41,74,Do not sell,"['2023-03-08', '2023-03-21']"
42,75,No,"['2023-03-08', '2023-03-21']"
43,78,Do not sell,"['2023-03-08', '2023-03-21']"
44,81,No,"['2023-03-08', '2023-03-21']"
45,82,No,"['2023-03-08', '2023-03-21']"
46,83,No,"['2023-03-08', '2023-03-21']"
47,84,No,"['2023-03-08', '2023-03-21']"
48,86,No,"['2023-03-08', '2023-03-21']"
49,87,Do not sell,"['2023-03-08', '2023-03-21']"
50,88,Do not sell,"['2023-03-08', '2023-03-21']"
51,89,No,"['2023-03-08', '2023-03-21']"
52,91,No,"['2023-03-08', '2023-03-21']"
53,92,No,"['2023-03-08', '2023-03-21']"
54,93,Do not sell or share,"['2023-03-08', '2023-03-21']"
55,94,No,"['2023-03-08', '2023-03-21']"
56,95,No,"['2023-03-08', '2023-03-21']"
57,97,Do not sell,"['2023-03-08', '2023-03-21']"
58,98,Do not sell,"['2023-03-08', '2023-03-21']"
59,99,No,"['2023-03-08', '2023-03-21']"
60,101,No,"['2023-03-08', '2023-03-21']"
61,105,No,"['2023-03-08', '2023-03-21']"
62,106,No,"['2023-03-08', '2023-03-21']"
63,107,Ambiguous,"['2023-03-08', '2023-03-21']"
64,108,No,"['2023-03-08', '2023-03-21']"
65,109,No,"['2023-03-08', '2023-03-21']"
66,110,Do not sell,"['2023-03-08', '2023-03-21']"
67,114,No,"['2023-03-08', '2023-03-21']"
68,115,Do not sell or share,"['2023-03-08', '2023-03-21']"
69,116,Do not sell,"['2023-03-08', '2023-03-21']"
70,117,Do not sell,"['2023-03-08', '2023-03-21']"
71,118,No,"['2023-03-08', '2023-03-21']"
72,119,Do not sell,"['2023-03-08', '2023-03-21']"
73,122,No,"['2023-03-08', '2023-03-21']"
74,125,Do not sell,"['2023-03-08', '2023-03-21']"
75,127,No,"['2023-03-08', '2023-03-21']"
76,128,No,"['2023-03-08', '2023-03-21']"
77,129,No,"['2023-03-08', '2023-03-21']"
78,132,Do not sell,"['2023-03-08', '2023-03-21']"
79,133,No,"['2023-03-08', '2023-03-21']"
80,135,Do not sell,"['2023-03-08', '2023-03-21']"
81,138,No,"['2023-03-08', '2023-03-21']"
82,139,No,"['2023-03-08', '2023-03-21']"
83,143,No,"['2023-03-08', '2023-03-21']"
84,146,No,"['2023-03-08', '2023-03-21']"
85,147,No,"['2023-03-08', '2023-03-21']"
86,148,Do not sell,"['2023-03-08', '2023-03-21']"
87,149,No,['2023-03-08']
88,151,No,"['2023-03-08', '2023-03-21']"
89,152,Do not sell,"['2023-03-08', '2023-03-21']"
90,154,No,"['2023-03-08', '2023-03-21']"
91,155,No,"['2023-03-08', '2023-03-21']"
92,159,No,"['2023-03-08', '2023-03-21']"
93,160,Do not sell,"['2023-03-08', '2023-03-21']"
94,162,No,"['2023-03-08', '2023-03-21']"
95,164,Do not sell,"['2023-03-08', '2023-03-21']"
96,165,No,"['2023-03-08', '2023-03-21']"
97,166,Do not sell,"['2023-03-08', '2023-03-21']"
98,170,No,"['2023-03-08', '2023-03-21']"
99,172,No,"['2023-03-08', '2023-03-21']"
100,174,No,"['2023-03-08', '2023-03-21']"
101,175,No,"['2023-03-08', '2023-03-21']"
102,176,Do not sell or share,"['2023-03-08', '2023-03-21']"
103,177,No,"['2023-03-08', '2023-03-21']"
104,178,Do not sell or share,"['2023-03-08', '2023-03-21']"
105,183,No,"['2023-03-08', '2023-03-21']"
106,185,No,"['2023-03-08', '2023-03-21']"
107,186,Do not sell,"['2023-03-08', '2023-03-21']"
108,187,No,"['2023-03-08', '2023-03-21']"
109,191,No,"['2023-03-08', '2023-03-21']"
110,192,No,"['2023-03-08', '2023-03-21']"
111,195,Ambiguous,['2023-03-21']
112,197,No,"['2023-03-08', '2023-03-21']"
113,198,Do not sell,"['2023-03-08', '2023-03-21']"
114,199,No,"['2023-03-08', '2023-03-21']"
115,200,No,"['2023-03-08', '2023-03-21', '2023-03-22']"
116,201,No,"['2023-03-08', '2023-03-21', '2023-03-22']"
117,202,No,"['2023-03-08', '2023-03-21', '2023-03-22']"
118,206,Ambiguous,['2023-03-21']
119,209,No,"['2023-03-08', '2023-03-21', '2023-03-22']"
120,210,No,"['2023-03-08', '2023-03-21', '2023-03-22']"
121,212,No,"['2023-03-08', '2023-03-21', '2023-03-22']"
122,213,No,"['2023-03-08', '2023-03-21', '2023-03-22']"
123,214,Do not sell or share,"['2023-03-08', '2023-03-21', '2023-03-22']"
124,215,Do not sell,"['2023-03-08', '2023-03-21', '2023-03-22']"
125,216,No,"['2023-03-08', '2023-03-21', '2023-03-22']"
126,217,Do not sell or share,"['2023-03-08', '2023-03-21', '2023-03-22']"
127,220,No,"['2023-03-08', '2023-03-21', '2023-03-22']"
128,221,No,"['2023-03-08', '2023-03-21', '2023-03-22']"
129,222,No,"['2023-03-08', '2023-03-21', '2023-03-22']"
130,223,No,"['2023-03-08', '2023-03-21', '2023-03-22']"
131,225,Do not sell,"['2023-03-08', '2023-03-21', '2023-03-22']"
132,226,No,"['2023-03-08', '2023-03-21', '2023-03-22']"
133,227,No,"['2023-03-08', '2023-03-21', '2023-03-22']"
134,228,No,"['2023-03-08', '2023-03-21', '2023-03-22']"
135,229,No,"['2023-03-08', '2023-03-21', '2023-03-22']"
136,231,No,"['2023-03-08', '2023-03-21', '2023-03-22']"
137,233,Do not sell,"['2023-03-08', '2023-03-21', '2023-03-22']"
138,235,Do not sell,"['2023-03-08', '2023-03-22']"
139,236,No,"['2023-03-08', '2023-03-22']"
140,237,No,"['2023-03-08', '2023-03-22']"
141,238,Do not sell,"['2023-03-08', '2023-03-22']"
142,240,No,"['2023-03-08', '2023-03-22']"
143,242,No,"['2023-03-08', '2023-03-22']"
144,243,No,"['2023-03-08', '2023-03-22']"
145,244,No,"['2023-03-08', '2023-03-22']"
146,245,No,"['2023-03-08', '2023-03-22']"
147,246,No,"['2023-03-08', '2023-03-22']"
148,248,No,"['2023-03-08', '2023-03-22']"
149,249,No,"['2023-03-08', '2023-03-22']"
150,251,No,"['2023-03-08', '2023-03-22']"
151,252,Do not sell,"['2023-03-08', '2023-03-22']"
152,255,No,"['2023-03-08', '2023-03-22']"
153,257,No,"['2023-03-08', '2023-03-22']"
154,258,Do not sell,"['2023-03-08', '2023-03-22']"
155,259,Do not sell,"['2023-03-08', '2023-03-22']"
156,261,Do not sell,"['2023-03-08', '2023-03-22']"
157,262,No,"['2023-03-08', '2023-03-22']"
158,264,No,"['2023-03-08', '2023-03-22']"
159,269,Do not sell,"['2023-03-08', '2023-03-22']"
160,272,No,"['2023-03-08', '2023-03-22']"
161,273,No,"['2023-03-08', '2023-03-22']"
162,274,Do not sell,"['2023-03-08', '2023-03-22']"
163,275,Do not sell,"['2023-03-08', '2023-03-22']"
164,276,Do not sell,"['2023-03-08', '2023-03-22']"
165,278,No,"['2023-03-08', '2023-03-22']"
166,279,No,"['2023-03-08', '2023-03-22']"
167,280,Do not sell,"['2023-03-08', '2023-03-22']"
168,281,No,"['2023-03-08', '2023-03-22']"
169,282,No,"['2023-03-08', '2023-03-22']"
170,283,No,"['2023-03-08', '2023-03-22']"
171,284,No,"['2023-03-08', '2023-03-22']"
172,285,No,"['2023-03-08', '2023-03-22']"
173,288,No,"['2023-03-08', '2023-03-22']"
174,289,Do not sell,"['2023-03-08', '2023-03-22']"
175,290,No,"['2023-03-08', '2023-03-22']"
176,291,No,"['2023-03-08', '2023-03-22']"
177,292,No,"['2023-03-08', '2023-03-22']"
178,293,Do not sell,"['2023-03-08', '2023-03-22']"
179,295,Do not sell,"['2023-03-08', '2023-03-22']"
180,296,Do not sell,"['2023-03-08', '2023-03-22']"
181,297,No,"['2023-03-08', '2023-03-22']"
182,299,Do not sell,"['2023-03-08', '2023-03-22']"
183,301,Do not sell,"['2023-03-08', '2023-03-22']"
184,303,Do not sell,"['2023-03-08', '2023-03-22']"
185,304,No,"['2023-03-08', '2023-03-22']"
186,305,No,"['2023-03-08', '2023-03-22']"
187,306,No,"['2023-03-08', '2023-03-22']"
188,308,No,"['2023-03-08', '2023-03-22']"
189,311,Do not sell,"['2023-03-08', '2023-03-22']"
190,312,Do not sell,"['2023-03-08', '2023-03-22']"
191,313,No,"['2023-03-08', '2023-03-22']"
192,314,No,"['2023-03-08', '2023-03-22']"
193,316,Do not sell,"['2023-03-08', '2023-03-22']"
194,318,No,"['2023-03-08', '2023-03-22']"
195,319,Do not sell,"['2023-03-08', '2023-03-22']"
196,320,No,"['2023-03-08', '2023-03-22']"
197,321,Do not sell,"['2023-03-08', '2023-03-22']"
198,325,Do not sell,"['2023-03-08', '2023-03-22']"
199,328,No,"['2023-03-08', '2023-03-22']"
200,329,No,"['2023-03-08', '2023-03-22']"
201,330,No,"['2023-03-08', '2023-03-22']"
202,331,No,"['2023-03-08', '2023-03-22']"
203,332,No,"['2023-03-08', '2023-03-22']"
204,334,Do not sell,"['2023-03-08', '2023-03-22']"
205,336,No,"['2023-03-08', '2023-03-22']"
206,337,No,"['2023-03-08', '2023-03-22']"
207,338,No,"['2023-03-08', '2023-03-22']"
208,339,No,"['2023-03-08', '2023-03-22']"
209,340,No,"['2023-03-08', '2023-03-22']"
210,341,No,"['2023-03-08', '2023-03-22']"
211,342,No,"['2023-03-08', '2023-03-22']"
212,343,Privacy Choices,['2023-03-22']
213,346,No,['2023-03-08']
214,348,No,"['2023-03-08', '2023-03-22']"
215,349,No,"['2023-03-08', '2023-03-22']"
216,350,No,"['2023-03-08', '2023-03-22']"
217,354,No,"['2023-03-08', '2023-03-22']"
218,355,No,"['2023-03-08', '2023-03-22']"
219,358,Do not sell,"['2023-03-08', '2023-03-22']"
220,361,No,"['2023-03-08', '2023-03-22']"
221,362,No,"['2023-03-08', '2023-03-22']"
222,375,Do not sell,"['2023-03-08', '2023-03-22']"
223,376,No,"['2023-03-08', '2023-03-22']"
224,377,Do not sell,"['2023-03-08', '2023-03-22']"
225,380,Do not sell,"['2023-03-08', '2023-03-22']"
226,381,Do not sell or share,"['2023-03-08', '2023-03-22']"
227,382,Do not sell,"['2023-03-08', '2023-03-22']"
228,383,No,"['2023-03-08', '2023-03-22']"
229,384,No,"['2023-03-08', '2023-03-22']"
230,385,No,"['2023-03-08', '2023-03-22']"
231,386,No,"['2023-03-08', '2023-03-22']"
232,387,Do not sell,"['2023-03-08', '2023-03-22']"
233,388,No,"['2023-03-08', '2023-03-22']"
234,391,No,"['2023-03-08', '2023-03-22']"
235,393,No,"['2023-03-08', '2023-03-22']"
236,395,Do not sell,['2023-03-22']
237,396,Do not sell or share,"['2023-03-08', '2023-03-22']"
238,397,No,"['2023-03-08', '2023-03-22']"
239,398,No,"['2023-03-08', '2023-03-22']"
240,401,No,"['2023-03-08', '2023-03-22', '2023-03-23']"
241,402,Do not sell,"['2023-03-08', '2023-03-22', '2023-03-23']"
242,403,Do not sell,"['2023-03-08', '2023-03-22', '2023-03-23']"
243,405,No,"['2023-03-08', '2023-03-22', '2023-03-23']"
244,408,No,"['2023-03-08', '2023-03-23']"
245,410,No,"['2023-03-08', '2023-03-23']"
246,412,No,"['2023-03-08', '2023-03-23']"
247,413,No,"['2023-03-08', '2023-03-23']"
248,414,No,"['2023-03-08', '2023-03-23']"
249,415,No,"['2023-03-08', '2023-03-23']"
250,416,No,"['2023-03-08', '2023-03-23']"
251,417,No,"['2023-03-08', '2023-03-23']"
252,419,No,"['2023-03-08', '2023-03-23']"
253,420,Do not sell,"['2023-03-08', '2023-03-23']"
254,421,Do not sell,"['2023-03-08', '2023-03-23']"
255,422,No,"['2023-03-08', '2023-03-23']"
256,424,No,"['2023-03-08', '2023-03-23']"
257,425,Do not sell or share,"['2023-03-08', '2023-03-23']"
258,427,No,"['2023-03-08', '2023-03-23']"
259,428,Do not sell,"['2023-03-08', '2023-03-23']"
260,429,No,"['2023-03-08', '2023-03-23']"
261,432,No,"['2023-03-08', '2023-03-23']"
262,435,No,"['2023-03-08', '2023-03-23']"
263,436,No,"['2023-03-08', '2023-03-23']"
264,439,No,"['2023-03-08', '2023-03-23']"
265,440,No,"['2023-03-08', '2023-03-23']"
266,441,No,"['2023-03-08', '2023-03-23']"
267,445,Do not sell or share,"['2023-03-08', '2023-03-23']"
268,446,Do not sell or share,"['2023-03-08', '2023-03-23']"
269,448,No,"['2023-03-08', '2023-03-23']"
270,449,No,"['2023-03-08', '2023-03-23']"
271,450,No,"['2023-03-08', '2023-03-23']"
272,452,No,"['2023-03-08', '2023-03-23']"
273,454,Do not sell,"['2023-03-08', '2023-03-23']"
274,456,No,"['2023-03-08', '2023-03-23']"
275,458,No,"['2023-03-08', '2023-03-23']"
276,459,No,"['2023-03-08', '2023-03-23']"
277,460,No,"['2023-03-08', '2023-03-23']"
278,463,No,"['2023-03-08', '2023-03-23']"
279,464,No,"['2023-03-08', '2023-03-23']"
280,465,No,"['2023-03-08', '2023-03-23']"
281,467,No,"['2023-03-08', '2023-03-23']"
282,469,No,"['2023-03-08', '2023-03-23']"
283,471,No,"['2023-03-08', '2023-03-23']"
284,472,No,"['2023-03-08', '2023-03-23']"
285,473,No,"['2023-03-08', '2023-03-23']"
286,474,No,"['2023-03-08', '2023-03-23']"
287,475,No,"['2023-03-08', '2023-03-23']"
288,476,No,"['2023-03-08', '2023-03-23']"
289,477,No,"['2023-03-08', '2023-03-23']"
290,480,Ambiguous,['2023-03-23']
291,481,Do not sell or share,"['2023-03-08', '2023-03-23']"
292,482,Do not sell or share,"['2023-03-08', '2023-03-23']"
293,487,Do not sell,"['2023-03-08', '2023-03-23']"
294,491,No,"['2023-03-08', '2023-03-23']"
295,494,No,"['2023-03-08', '2023-03-23']"
296,495,No,"['2023-03-08', '2023-03-23']"
297,496,No,"['2023-03-08', '2023-03-23']"
298,497,No,"['2023-03-08', '2023-03-23']"
299,498,Do not sell,"['2023-03-08', '2023-03-23']"
300,500,No,"['2023-03-08', '2023-03-23']"
301,502,No,"['2023-03-08', '2023-03-23']"
302,505,Do not sell,"['2023-03-08', '2023-03-23']"
303,510,No,"['2023-03-08', '2023-03-23']"
304,511,No,"['2023-03-08', '2023-03-23']"
305,512,No,"['2023-03-08', '2023-03-23']"
306,513,No,"['2023-03-08', '2023-03-23']"
307,514,No,"['2023-03-08', '2023-03-23']"
308,516,No,"['2023-03-08', '2023-03-23']"
309,518,No,"['2023-03-08', '2023-03-23']"
310,519,No,"['2023-03-08', '2023-03-23']"
311,520,No,"['2023-03-08', '2023-03-23']"
312,521,No,"['2023-03-08', '2023-03-23']"
313,522,No,"['2023-03-08', '2023-03-23']"
314,526,No,"['2023-03-08', '2023-03-23']"
315,527,No,"['2023-03-08', '2023-03-23']"
316,528,No,"['2023-03-08', '2023-03-23']"
317,531,No,"['2023-03-08', '2023-03-23']"
318,534,No,"['2023-03-08', '2023-03-23']"
319,536,No,"['2023-03-08', '2023-03-23']"
320,538,No,"['2023-03-08', '2023-03-23']"
321,540,No,"['2023-03-08', '2023-03-23']"
322,541,No,"['2023-03-08', '2023-03-23']"
323,542,Do not sell,"['2023-03-08', '2023-03-23']"
324,546,No,"['2023-03-08', '2023-03-23']"
325,547,No,"['2023-03-08', '2023-03-23']"
326,548,No,"['2023-03-08', '2023-03-23']"
327,549,No,"['2023-03-08', '2023-03-23']"
328,550,Do not sell,"['2023-03-08', '2023-03-23']"
329,551,No,"['2023-03-08', '2023-03-23']"
330,553,No,"['2023-03-08', '2023-03-23']"
331,555,Do not sell,"['2023-03-08', '2023-03-23']"
332,556,Do not sell,"['2023-03-08', '2023-03-23']"
333,558,No,"['2023-03-08', '2023-03-23']"
334,559,No,"['2023-03-08', '2023-03-23']"
335,561,No,"['2023-03-08', '2023-03-23']"
336,562,No,"['2023-03-08', '2023-03-23']"
337,563,No,"['2023-03-08', '2023-03-23']"
338,565,No,"['2023-03-08', '2023-03-23']"
339,566,No,"['2023-03-08', '2023-03-23']"
340,567,No,"['2023-03-08', '2023-03-23']"
341,568,No,"['2023-03-08', '2023-03-23']"
342,571,Do not sell,"['2023-03-08', '2023-03-23']"
343,576,Do not sell,"['2023-03-08', '2023-03-23']"
344,577,No,"['2023-03-08', '2023-03-23']"
345,580,Do not sell,"['2023-03-08', '2023-03-23']"
346,581,Ambiguous,['2023-03-23']
347,584,No,"['2023-03-08', '2023-03-23']"
348,585,No,"['2023-03-08', '2023-03-23']"
349,588,No,"['2023-03-08', '2023-03-23']"
350,590,No,"['2023-03-08', '2023-03-23']"
351,591,Do not sell,"['2023-03-08', '2023-03-23']"
352,592,No,"['2023-03-08', '2023-03-23']"
353,593,Do not sell,['2023-03-23']
354,594,Do not sell,['2023-03-23']
355,595,No,['2023-03-23']
356,596,Do not sell,['2023-03-23']
357,597,Do not sell,['2023-03-23']
358,598,Do not sell,['2023-03-23']
359,599,Do not sell,['2023-03-23']
360,600,No,['2023-03-23']
361,601,Ambiguous,['2023-03-23']
362,602,Do not sell,['2023-03-23']
363,603,Do not sell,['2023-03-23']
364,604,No,['2023-03-23']
365,605,No,['2023-03-23']
366,606,Ambiguous,['2023-03-23']
367,607,Privacy Choices,['2023-03-23']
368,609,No,['2023-03-23']
369,610,Do not sell or share,['2023-03-23']
370,611,No,['2023-03-23']
371,612,No,['2023-03-23']
372,613,Do not sell,['2023-03-23']
373,614,No,['2023-03-23']
374,615,No,['2023-03-23']
375,616,Ambiguous,['2023-03-23']
376,617,No,['2023-03-23']
377,618,Ambiguous,['2023-03-23']
378,619,Ambiguous,['2023-03-23']
379,620,No,['2023-03-23']
380,621,Do not sell,['2023-03-23']
381,622,Do not sell,['2023-03-23']
382,623,No,['2023-03-23']
383,624,No,['2023-03-23']
384,625,No,['2023-03-23']
385,626,Privacy Choices,['2023-03-23']
386,627,Ambiguous,['2023-03-23']
387,628,Do not sell or share,['2023-03-23']
388,629,Do not sell,['2023-03-23']
389,630,Privacy Choices,['2023-03-23']
390,631,Do not sell,['2023-03-23']
391,632,Do not sell,['2023-03-23']
392,633,No,['2023-03-23']
393,634,No,['2023-03-23']
394,635,Do not sell or share,['2023-03-23']
395,636,Do not sell,['2023-03-23']
396,637,Privacy Choices,['2023-03-23']
397,638,No,['2023-03-23']
398,639,No,['2023-03-23']
399,640,Ambiguous,['2023-03-23']
400,641,No,['2023-03-23']
401,642,No,['2023-03-23']
402,643,No,['2023-03-23']
403,644,Ambiguous,['2023-03-23']
404,645,Ambiguous,['2023-03-23']
405,646,No,['2023-03-23']
406,647,Do not sell or share,['2023-03-23']
407,648,Ambiguous,['2023-03-23']
408,649,Ambiguous,['2023-03-23']
409,650,No,['2023-03-23']
410,651,No,['2023-03-23']
411,652,No,['2023-03-23']
412,653,No,['2023-03-23']
413,654,No,['2023-03-23']
414,655,Ambiguous,['2023-03-23']
415,656,Do not sell,['2023-03-23']
416,657,Ambiguous,['2023-03-23']
417,658,No,['2023-03-23']
418,659,No,['2023-03-23']
419,660,No,['2023-03-23']
420,661,No,['2023-03-23']
421,662,Ambiguous,['2023-03-23']
422,663,No,['2023-03-23']
423,664,Do not sell,['2023-03-23']
424,665,Do not sell or share,['2023-03-23']
425,666,Do not sell,['2023-03-23']
426,667,No,['2023-03-23']
427,668,Do not sell,['2023-03-23']
428,669,Ambiguous,['2023-03-23']
429,670,Do not sell,['2023-03-23']
430,671,Do not sell or share,['2023-03-23']
431,672,Ambiguous,['2023-03-23']
432,673,Do not sell or share,['2023-03-23']
433,674,Ambiguous,['2023-03-23']
434,675,Do not sell,['2023-03-23']
435,676,Ambiguous,['2023-03-23']
436,677,Do not sell or share,['2023-03-23']
437,678,No,['2023-03-23']
438,679,Ambiguous,['2023-03-23']
439,680,Do not sell,['2023-03-23']
440,681,No,['2023-03-23']
441,682,No,['2023-03-23']
442,684,Privacy Choices,['2023-03-23']
443,685,No,['2023-03-23']
444,686,No,['2023-03-23']
445,687,Do not sell,['2023-03-23']
446,688,Ambiguous,['2023-03-23']
447,689,Do not sell,['2023-03-23']
448,690,No,['2023-03-23']
449,691,Ambiguous,['2023-03-23']
450,692,Ambiguous,['2023-03-23']
451,693,Privacy Choices,['2023-03-23']
452,694,No,['2023-03-23']
453,695,No,['2023-03-23']
454,696,Ambiguous,['2023-03-23']
455,698,Ambiguous,['2023-03-23']
456,699,Opt out,['2023-03-23']
457,700,Do not sell,['2023-03-23']
458,701,Ambiguous,['2023-03-23']
459,702,Do not sell,['2023-03-23']
460,703,Do not sell,['2023-03-23']
461,704,Do not sell,['2023-03-23']
462,705,Ambiguous,['2023-03-23']
463,706,Ambiguous,['2023-03-23']
464,707,Ambiguous,['2023-03-23']
465,708,Ambiguous,['2023-03-23']
466,709,Do not sell,['2023-03-23']
467,710,Ambiguous,['2023-03-23']
468,711,No,['2023-03-23']
469,712,No,['2023-03-23']
470,713,No,['2023-03-23']
471,714,Ambiguous,['2023-03-23']
472,715,Ambiguous,['2023-03-23']
473,716,No,['2023-03-23']
474,717,Ambiguous,['2023-03-23']
475,718,Ambiguous,['2023-03-23']
476,719,Do not sell,['2023-03-23']
477,720,Do not sell,['2023-03-23']
478,721,Ambiguous,['2023-03-23']
479,722,Do not sell,['2023-03-23']
480,723,Do not sell,['2023-03-23']
481,724,No,['2023-03-23']
482,725,No,['2023-03-23']
483,726,Ambiguous,['2023-03-23']
484,727,No,['2023-03-23']
485,728,No,['2023-03-23']
486,729,No,['2023-03-23']
487,730,No,['2023-03-23']
488,731,No,['2023-03-23']
489,732,Privacy Choices,['2023-03-23']
490,733,Do not sell,['2023-03-23']
491,734,No,['2023-03-23']
492,735,Ambiguous,['2023-03-23']
493,736,Ambiguous,['2023-03-23']
494,737,Do not sell,['2023-03-23']
495,738,Do not sell,['2023-03-23']
496,739,Ambiguous,['2023-03-23']
497,740,No,['2023-03-23']
498,741,No,['2023-03-23']
499,742,Ambiguous,['2023-03-23']
500,743,Ambiguous,['2023-03-23']
501,744,No,['2023-03-23']
502,745,Privacy Choices,['2023-03-23']
503,746,No,['2023-03-23']
504,747,No,['2023-03-23']
505,748,No,['2023-03-23']
506,749,Ambiguous,['2023-03-23']
507,750,Ambiguous,['2023-03-23']
508,751,No,['2023-03-23']
509,752,Ambiguous,['2023-03-23']
510,753,Ambiguous,['2023-03-23']
511,754,No,['2023-03-23']
512,755,Do not sell,['2023-03-23']
513,756,No,['2023-03-23']
514,757,Do not sell,['2023-03-23']
515,758,Do not sell,['2023-03-23']
516,759,Do not sell,['2023-03-23']
517,760,Do not sell,['2023-03-23']
518,761,Ambiguous,['2023-03-23']
519,762,Do not sell,['2023-03-23']
520,763,Privacy Choices,['2023-03-23']
521,764,No,['2023-03-23']
522,765,Ambiguous,['2023-03-23']
523,766,Ambiguous,['2023-03-23']
524,767,No,['2023-03-23']
525,768,Do not sell,['2023-03-23']
526,769,Ambiguous,['2023-03-23']
527,770,No,['2023-03-23']
528,771,Do not sell,['2023-03-23']
529,772,Ambiguous,['2023-03-23']
530,773,Ambiguous,['2023-03-23']
531,774,Ambiguous,['2023-03-23']
532,775,Do not sell,['2023-03-23']
533,776,No,['2023-03-23']
534,777,No,['2023-03-23']
535,778,No,['2023-03-23']
536,779,No,['2023-03-23']
537,780,No,['2023-03-23']
538,781,No,['2023-03-23']
539,782,Ambiguous,['2023-03-23']
540,783,No,['2023-03-23']
541,784,Ambiguous,['2023-03-23']
542,785,No,['2023-03-23']
543,786,No,['2023-03-23']
544,787,No,['2023-03-23']
545,788,Ambiguous,['2023-03-23']
546,789,Ambiguous,['2023-03-23']
547,790,Do not sell,['2023-03-23']
548,791,Do not sell,['2023-03-23']
549,792,Do not sell,['2023-03-23']
550,793,No,['2023-03-23']
551,794,Privacy Choices,['2023-03-23']
552,795,Do not sell,['2023-03-23']
553,796,Do not sell,['2023-03-23']
554,797,No,['2023-03-23']
555,798,Do not sell,['2023-03-23']
556,799,Ambiguous,['2023-03-23']
557,800,Do not sell,['2023-03-23']
558,801,No,['2023-03-23']
559,802,Ambiguous,['2023-03-23']
560,803,No,['2023-03-23']
561,804,Do not sell,['2023-03-23']
562,806,Privacy Choices,['2023-03-23']
563,807,No,['2023-03-23']
564,808,Privacy Choices,['2023-03-23']
565,809,Privacy Choices,['2023-03-23']
566,810,Privacy Choices,['2023-03-23']
567,811,Privacy Choices,['2023-03-23']
568,812,Do not sell,['2023-03-23']
569,813,Do not sell,['2023-03-23']
570,814,Ambiguous,['2023-03-23']
571,815,Ambiguous,['2023-03-23']
572,816,Do not sell,['2023-03-23']
573,817,Privacy Choices,['2023-03-23']
574,818,Ambiguous,['2023-03-23']
575,819,Privacy Choices,['2023-03-23']
576,820,Do not sell,['2023-03-23']
577,821,Ambiguous,['2023-03-23']
578,822,Ambiguous,['2023-03-23']
579,823,Do not sell,['2023-03-23']
580,824,Do not sell,['2023-03-23']
581,825,Do not sell,['2023-03-23']
582,826,Do not sell,['2023-03-23']
583,827,Privacy Choices,['2023-03-23']
584,828,No,['2023-03-23']
585,829,No,['2023-03-23']
586,831,No,['2023-03-23']
587,832,No,['2023-03-23']
588,833,Do not sell,['2023-03-23']
589,834,Do not sell,['2023-03-23']
590,835,Do not sell,['2023-03-23']
591,836,Do not sell,['2023-03-23']
592,837,Ambiguous,['2023-03-23']
593,838,Ambiguous,['2023-03-23']
594,839,Privacy Choices,['2023-03-23']
595,840,Ambiguous,['2023-03-23']
596,841,Privacy Choices,['2023-03-23']
597,842,No,['2023-03-23']
598,843,Do not sell,['2023-03-23']
599,844,Do not sell,['2023-03-23']
600,845,Do not sell,['2023-03-23']
601,846,Ambiguous,['2023-03-23']
602,847,Ambiguous,['2023-03-23']
603,848,Ambiguous,['2023-03-23']
604,849,No,['2023-03-23']
605,850,Do not sell,['2023-03-23']
606,851,No,['2023-03-23']
607,852,Ambiguous,['2023-03-23']
608,853,Ambiguous,['2023-03-23']
609,854,No,['2023-03-23']
610,855,Do not sell,['2023-03-23']
611,856,No,['2023-03-23']
612,857,Do not sell,['2023-03-23']
613,858,Ambiguous,['2023-03-23']
614,859,Do not sell or share,['2023-03-23']
615,860,Privacy Choices,['2023-03-23']
616,861,No,['2023-03-23']
617,862,Do not sell,['2023-03-23']
618,863,Ambiguous,['2023-03-23']
619,864,Do not sell,['2023-03-23']
620,865,Do not sell,['2023-03-23']
621,866,Privacy Choices,['2023-03-23']
622,867,Ambiguous,['2023-03-23']
623,868,No,['2023-03-23']
624,869,Privacy Choices,['2023-03-23']
625,870,No,['2023-03-23']
626,871,Ambiguous,['2023-03-23']
627,872,Do not sell,['2023-03-23']
628,873,No,['2023-03-23']
629,874,No,['2023-03-23']
630,875,No,['2023-03-23']
631,876,Do not sell,['2023-03-23']
632,877,Ambiguous,['2023-03-23']
633,878,Ambiguous,['2023-03-23']
634,879,No,['2023-03-23']
635,880,Do not sell,['2023-03-23']
636,881,Ambiguous,['2023-03-23']
637,882,No,['2023-03-23']
638,883,No,['2023-03-23']
639,884,Ambiguous,['2023-03-23']
640,885,Ambiguous,['2023-03-23']
641,886,Ambiguous,['2023-03-23']
642,887,No,['2023-03-23']
643,888,Do not sell,['2023-03-23']
644,889,No,['2023-03-23']
645,890,No,['2023-03-23']
646,891,No,['2023-03-23']
647,892,Do not sell,['2023-03-23']
648,893,No,['2023-03-23']
649,894,No,['2023-03-23']
650,895,Ambiguous,['2023-03-23']
651,896,Privacy Choices,['2023-03-23']
652,897,No,['2023-03-23']
653,898,Ambiguous,['2023-03-23']
654,899,Do not sell or share,['2023-03-23']
655,900,No,['2023-03-23']
656,901,No,['2023-03-23']
657,902,No,['2023-03-23']
658,903,No,['2023-03-23']
659,904,Ambiguous,['2023-03-23']
660,905,No,['2023-03-23']
661,906,No,['2023-03-23']
662,907,No,['2023-03-23']
663,908,Ambiguous,['2023-03-23']
664,909,No,['2023-03-23']
665,910,Ambiguous,['2023-03-23']
666,911,No,['2023-03-23']
667,912,Ambiguous,['2023-03-23']
668,913,Ambiguous,['2023-03-23']
669,914,No,['2023-03-23']
670,915,No,['2023-03-23']
671,916,No,['2023-03-23']
672,917,Privacy Choices,['2023-03-23']
673,918,Privacy Choices,['2023-03-23']
674,919,Do not sell,['2023-03-23']
675,920,Do not sell or share,['2023-03-23']
676,921,Privacy Choices,['2023-03-23']
677,922,Ambiguous,['2023-03-23']
678,923,No,['2023-03-23']
679,924,Do not sell,['2023-03-23']
680,925,Do not sell,['2023-03-23']
681,926,Do not sell,['2023-03-23']
682,927,Ambiguous,['2023-03-23']
683,928,No,['2023-03-23']
684,929,No,['2023-03-23']
685,930,Ambiguous,['2023-03-23']
686,931,No,['2023-03-23']
687,932,Privacy Choices,['2023-03-23']
688,933,Do not sell,['2023-03-23']
689,934,Ambiguous,['2023-03-23']
690,935,No,['2023-03-23']
691,936,No,['2023-03-23']
692,937,No,['2023-03-23']
693,938,No,['2023-03-23']
694,939,Ambiguous,['2023-03-23']
695,940,Ambiguous,['2023-03-23']
696,941,Ambiguous,['2023-03-23']
697,942,Do not sell,['2023-03-23']
698,943,Privacy Choices,['2023-03-23']
699,944,Do not sell,['2023-03-23']
700,945,No,['2023-03-23']
701,946,No,['2023-03-23']
702,947,Ambiguous,['2023-03-23']
703,948,Do not sell,['2023-03-23']
704,949,Ambiguous,['2023-03-23']
705,950,Ambiguous,['2023-03-23']
706,951,No,['2023-03-23']
707,952,Ambiguous,['2023-03-23']
708,953,No,['2023-03-23']
709,954,No,['2023-03-23']
710,955,No,['2023-03-23']
711,956,Ambiguous,['2023-03-23']
712,957,Ambiguous,['2023-03-23']
713,958,Ambiguous,['2023-03-23']
714,959,Do not sell,['2023-03-23']
715,960,Ambiguous,['2023-03-23']
716,961,Do not sell,['2023-03-23']
717,962,Do not sell,['2023-03-23']
718,963,Ambiguous,['2023-03-23']
719,964,No,['2023-03-23']
720,965,No,['2023-03-23']
721,966,Privacy Choices,['2023-03-23']
722,967,Ambiguous,['2023-03-23']
723,968,Ambiguous,['2023-03-23']
724,969,Ambiguous,['2023-03-23']
725,970,No,['2023-03-23']
726,971,Ambiguous,['2023-03-23']
727,972,Privacy Choices,['2023-03-23']
728,973,Do not sell,['2023-03-23']
729,974,Privacy Choices,['2023-03-23']
730,975,Ambiguous,['2023-03-23']
731,976,Privacy Choices,['2023-03-23']
732,977,Ambiguous,['2023-03-23']
733,978,Ambiguous,['2023-03-23']
734,979,Ambiguous,['2023-03-23']
735,980,Opt out,['2023-03-23']
736,981,Ambiguous,['2023-03-23']
737,982,Do not sell,['2023-03-23']
738,983,Ambiguous,['2023-03-23']
739,984,Privacy Choices,['2023-03-23']
740,985,No,['2023-03-23']
741,986,Privacy Choices,['2023-03-23']
742,987,Do not sell,['2023-03-23']
743,988,No,['2023-03-23']
744,989,Ambiguous,['2023-03-23']
745,990,No,['2023-03-23']
746,991,Do not sell,['2023-03-23']
747,992,Ambiguous,['2023-03-23']
748,993,Do not sell,['2023-03-23']
749,994,Do not sell,['2023-03-23']
750,995,No,['2023-03-23']
751,996,No,['2023-03-23']
752,997,No,['2023-03-23']
753,998,No,['2023-03-23']
754,999,Ambiguous,['2023-03-23']
755,1000,No,['2023-03-23']
756,1001,No,['2023-03-23']
757,1002,Ambiguous,['2023-03-23']
758,1003,No,['2023-03-23']
759,1004,No,['2023-03-23']
760,1005,No,['2023-03-23']
761,1006,No,['2023-03-23']
762,1007,Ambiguous,['2023-03-23']
763,1008,No,['2023-03-23']
764,1009,Ambiguous,['2023-03-23']
765,1010,No,['2023-03-23']
766,1012,No,['2023-03-23']
767,1013,Ambiguous,['2023-03-23']
768,1014,No,['2023-03-23']
769,1015,Do not sell,['2023-03-23']
770,1016,Privacy Choices,['2023-03-23']
771,1017,No,['2023-03-23']
772,1018,Ambiguous,['2023-03-23']
773,1019,Ambiguous,['2023-03-23']
774,1020,No,['2023-03-23']
775,1021,Ambiguous,['2023-03-23']
776,1022,Do not sell,['2023-03-23']
777,1023,No,['2023-03-23']
778,1024,Ambiguous,['2023-03-23']
779,1025,Privacy Choices,['2023-03-23']
780,1026,Do not sell,['2023-03-23']
781,1027,Do not sell,['2023-03-23']
782,1028,Do not sell,['2023-03-23']
783,1029,Do not sell,['2023-03-23']
784,1030,No,['2023-03-23']
785,1031,Do not sell,['2023-03-23']
786,1032,Privacy Choices,['2023-03-23']
787,1033,No,['2023-03-23']
788,1034,No,['2023-03-23']
789,1035,No,['2023-03-23']
790,1036,Privacy Choices,['2023-03-23']
791,1037,No,['2023-03-23']
792,1038,No,['2023-03-23']
793,1039,No,['2023-03-23']
794,1040,No,['2023-03-23']
795,1041,Do not sell,['2023-03-23']
796,1042,No,['2023-03-23']
797,1043,No,['2023-03-23']
798,1044,No,['2023-03-23']
799,1045,Privacy Choices,['2023-03-23']
800,1046,Do not sell,['2023-03-23']
801,1047,No,['2023-03-23']
802,1048,No,['2023-03-23']
803,1049,No,['2023-03-23']
804,1050,Ambiguous,['2023-03-23']
805,1051,Ambiguous,['2023-03-23']
806,1052,No,['2023-03-23']
807,1053,No,['2023-03-23']
808,1054,Do not sell,['2023-03-23']
809,1055,Privacy Choices,['2023-03-23']
810,1056,No,['2023-03-23']
811,1057,Ambiguous,['2023-03-23']
812,1058,Ambiguous,['2023-03-23']
813,1059,Ambiguous,['2023-03-23']
814,1060,No,['2023-03-23']
815,1061,Ambiguous,['2023-03-23']
816,1062,No,['2023-03-23']
817,1063,Do not sell,['2023-03-23']
818,1064,No,['2023-03-23']
819,1065,No,['2023-03-23']
820,1066,Do not sell,['2023-03-23']
821,1067,No,['2023-03-23']
822,1068,No,['2023-03-23']
823,1069,No,['2023-03-23']
824,1070,No,['2023-03-23']
825,1071,No,['2023-03-23']
826,1072,No,['2023-03-23']
827,1073,No,['2023-03-23']
828,1074,Ambiguous,['2023-03-23']
829,1075,No,['2023-03-23']
830,1076,No,['2023-03-23']
831,1077,Do not sell,['2023-03-23']
832,1078,No,['2023-03-23']
833,1079,No,['2023-03-23']
834,1080,No,['2023-03-23']
835,1081,No,['2023-03-23']
836,1082,No,['2023-03-23']
837,1083,No,['2023-03-23']
838,1084,Do not sell,['2023-03-23']
839,1085,No,['2023-03-23']
840,1086,Do not sell or share,['2023-03-23']
841,1087,Privacy Choices,['2023-03-23']
842,1088,Ambiguous,['2023-03-23']
843,1089,Do not sell,['2023-03-23']
